{"cameraMode":{"drawMode":0,"name":"Shaded","section":"Shading Mode"},"sceneLighting":true,"audioPlay":false,"sceneViewState":{"m_AlwaysRefresh":false,"showFog":true,"showSkybox":true,"showFlares":true,"showImageEffects":true,"showParticleSystems":true,"showVisualEffectGraphs":true,"m_FxEnabled":true},"in2DMode":false,"pivot":{"x":43.43578338623047,"y":-19.645240783691408,"z":48.13111114501953},"rotation":{"x":0.14446134865283967,"y":0.3601076900959015,"z":-0.05638425424695015,"w":0.9198300242424011},"size":37.966278076171878,"orthographic":false}