{"cameraMode":{"drawMode":0,"name":"Shaded","section":"Shading Mode"},"sceneLighting":false,"audioPlay":false,"sceneViewState":{"m_AlwaysRefresh":false,"showFog":true,"showSkybox":false,"showFlares":true,"showImageEffects":true,"showParticleSystems":true,"showVisualEffectGraphs":true,"m_FxEnabled":true},"in2DMode":false,"pivot":{"x":9.946537971496582,"y":3.3752427101135256,"z":8.98361587524414},"rotation":{"x":-0.08691761642694473,"y":-0.31841567158699038,"z":0.029176874086260797,"w":-0.9435440897941589},"size":3.0060887336730959,"orthographic":false}